subject_id,block_type,q2,q3,q4,q6,q9,q10,tab_key,session_id,total_damage_taken,total_shot_all,total_kill,total_death,total_shot_hit,total_engage,rocket_shot_hit,gun_shot_hit,self_kill,gender,race,trait_score,state_score,trust_score,mode_cluster,Age,Gender,Race,Education,Smote_frequently,Caffeine_Consumption,Q2_How long have you played games,Q3_how often do you currently play video games?,Q4_During the average week how many hours do you currently spend playing video games?,Q5_When you play video games how many hours do you usually spend playing,Q6_How skilled do you feel you are at playing video games,Q7_Please rate your experience playing video games on a scale of 1 (very inexperienced) to 7 (very experienced).,"Q8_Please rate each of the following game genres based on your preference, on a scale from 1 (Least Preferred) to 5 (Most Preferred). - First-person shooter","Q9_Please rate each of the following game genres based on your preference, on a scale from 1 (Least Preferred) to 5 (Most Preferred). - Realistic military","Q10_Please rate each of the following game genres based on your preference, on a scale from 1 (Least Preferred) to 5 (Most Preferred). - Driving or Racing","Q11_Please rate each of the following game genres based on your preference, on a scale from 1 (Least Preferred) to 5 (Most Preferred). - Strategy","Q12_Please rate each of the following game genres based on your preference, on a scale from 1 (Least Preferred) to 5 (Most Preferred). - Role-playing","Q13_Please rate each of the following game genres based on your preference, on a scale from 1 (Least Preferred) to 5 (Most Preferred). - Other",Q14_List the top 3 games you have played most frequently within the last 6 months - Top 1?,Q15_List the top 3 games you have played most frequently within the last 6 months - Top 2?,Q16_List the top 3 games you have played most frequently within the last 6 months - Top 3?,Q17_List any official gaming rankings that you currently have or have had in the past - Ranking,Q18_List any official gaming rankings that you currently have or have had in the past - Ranking,Q19_List any official gaming rankings that you currently have or have had in the past - Ranking,Q20,Q21_Do you currently play in a competitive gaming league?,Q22_Have you ever played in a competitive gaming league?,Q23_Have you recorded your number of wins?,Q24_How many wins?,Q25_Total number of competitions:,Q26_On a scale of 1 (never) to 4 (very often) indicate how often you have played the following genres of video games. A. Stimulation,Q27_On a scale of 1 (never) to 4 (very often) indicate how often you have played the following genres of video games. B. Strategy,Q28_On a scale of 1 (never) to 4 (very often) indicate how often you have played the following genres of video games. C. Action,Q29_On a scale of 1 (never) to 4 (very often) indicate how often you have played the following genres of video games. D. Role Playing,Q30_On a scale of 1 (never) to 4 (very often) indicate how often you have played the following genres of video games. E. Unclassified,Q2_What is the relationship between you and your teammate?,Q3_What is the relationship between you and opponent 1?,Q4_What is the relationship between you and opponent 2?,Team_number,screenshot_kill,screenshot_death,screenshot_result,Game_result,accuracy,Q5_trusted_by_teamate,Q7_trusted_by_teamate,Q10_trusted_by_teamate
BVCX,"['block_01', 'block_02', 'block_03', 'block_04']","[4, 4, 4, 4]","[2, 4, 2, 3]","[3, 3, 3, 2]","[3, 4, 4, 3]","[38, 21, 15, 19]","[32, 18, 23, 26]","[0, 0, 0, 0]","['1263e8ef-4b1f-9a88-a07b-85971cac44ab', '6ee85647-4297-186c-24fa-c4970441459c', 'b8103d26-48b2-edb7-9cf6-febff2e0b27b', '7dcb719f-46a8-2478-bac5-4da70d64241f']","[729.1928016, 1583.916572, 1035.726212, 1045.448052]","[141, 99, 173, 60]","[2, 3, 2, 4]","[11, 21, 16, 13]","[14, 30, 35, 11]","[17, 18, 29, 13]","[0, 0, 0, 5]","[14, 30, 35, 6]","[0, 0, 0, 0]",Male,Prefer not to say,44.0,48.0,94,3,27,Male,Prefer not to say,Graduate,Never,A few times per month,6 months,Less than once a month,Less than 2 hours,2-5 hours,Not very skilled,4,4,4,5,3,2,4,Coding Games,GTA 5,Call of Duty,Counter Strike Go, , , ,No,No,No, , ,3,2,3,1,1,This person is a friend. I know this person well and like them.,This person is a stranger. I am meeting them for the 1st time today.,This person is a stranger. I am meeting them for the 1st time today.,14.0,"[2.0, 3.0, 2.0, 4.0]","[11.0, 21.0, 16.0, 13.0]","['lost', 'lost', 'lost', 'lost']","['lost', 'lost', 'lost', 'lost']","[9.929078014184398, 30.303030303030305, 20.23121387283237, 18.333333333333332]","[11.0, 10.0, 9.0, 2.0]","[11.0, 56.0, 28.0, 11.0]","[73.0, 57.0, 35.0, 61.0]"
CVBN,"['block_01', 'block_02', 'block_03', 'block_04']","[1, 1, 1, 1]","[5, 6, 6, 6]","[10, 11, 13, 9]","[10, 9, 14, 8]","[90, 96, 77, 95]","[50, 67, 58, 62]","[0, 0, 0, 0]","['81378b98-41c5-d358-1442-72be5ced37bb', 'ca5139a6-4482-929d-9f37-54910b13f6a3', 'b2c14a1f-48d5-3766-86db-52b27a73b13b', '4f300843-434e-188e-ca63-70a6fceb8f72']","[249.232862, 535.513111, 658.2168858, 463.201236]","[138, 230, 162, 153]","[9, 18, 15, 20]","[3, 6, 8, 5]","[39, 65, 57, 50]","[16, 27, 31, 24]","[0, 6, 13, 15]","[39, 59, 44, 35]","[0, 0, 0, 0]",Male,White/Caucasian,51.0,34.0,96,1,21,Male,White/Caucasian,Undergraduate,Never,A few times per month,10 or more years,Almost every day,More than 20 hours,2-5 hours,Very skilled,7,4,3,4,3,5,3,Fighting Games,Red Dead Redemption 2,Days Gone,Call of Duty Modern Warfare 2019, , , ,No,No,No, , ,2,2,4,4,1,This person is a friend. I know this person well and like them.,This person is a stranger. I am meeting them for the 1st time today.,This person is a stranger. I am meeting them for the 1st time today.,16.0,"[9.0, nan, 15.0, 20.0]","[3.0, nan, 8.0, 5.0]","['win', nan, 'win', 'win']","['win', 'win', 'win', 'win']","[28.26086956521739, 28.26086956521739, 35.18518518518518, 32.6797385620915]","[15.0, 19.0, 19.0, 19.0]","[100.0, 91.0, 91.0, 94.0]","[91.0, 90.0, 89.0, 94.0]"
DFGH,"['block_01', 'block_02', 'block_03', 'block_04']","[2, 2, 2, 2]","[5, 9, 12, 8]","[8, 5, 9, 6]","[6, 5, 9, 7]","[38, 68, 50, 82]","[91, 90, 89, 94]","[0, 1, 0, 0]","['81378b98-41c5-d358-1442-72be5ced37bb', 'ca5139a6-4482-929d-9f37-54910b13f6a3', 'b2c14a1f-48d5-3766-86db-52b27a73b13b', '4f300843-434e-188e-ca63-70a6fceb8f72']","[277.77572, 367.562972, 479.776484, 444.755671]","[66, 165, 56, 129]","[3, 10, 9, 14]","[3, 5, 6, 3]","[12, 53, 27, 51]","[7, 21, 16, 20]","[0, 0, 7, 8]","[12, 53, 20, 43]","[0, 0, 0, 0]",Male,Asian,51.0,43.0,94,1,22,Male,Asian,GED,Never,Rarely,6 months,1-3 times a month,Less than 2 hours,2-5 hours,Not very skilled,3,3,4,3,5,5,5,Horror,Assassin's Creed Origins,Minecraft,Forza , , , ,No,No,No, , ,2,3,1,3,4,This person is a friend. I know this person well and like them.,This person is a stranger. I am meeting them for the 1st time today.,This person is a stranger. I am meeting them for the 1st time today.,16.0,"[3.0, nan, 9.0, 14.0]","[3.0, nan, 6.0, 3.0]","['win', nan, 'win', 'win']","['win', 'win', 'win', 'win']","[18.181818181818183, 32.121212121212125, 48.214285714285715, 39.53488372093023]","[7.0, 13.0, 13.0, 12.0]","[50.0, 65.0, 62.0, 60.0]","[50.0, 67.0, 58.0, 62.0]"
DFZX,"['block_01', 'block_02', 'block_03', 'block_04']","[2, 2, 2, 2]","[1, 1, 1, 1]","[1, 1, 1, 1]","[1, 1, 1, 1]","[100, 100, 100, 100]","[100, 100, 100, 100]","[0, 7, 5, 22]","['9e78a544-4fad-2033-7311-4f8a28b2f34f', '505ab3c0-4bfb-f248-a0ff-53be350d22d6', 'e27612de-4620-d131-fe94-1d8df7bf34e9', '5d02a094-4bec-a7f8-e7d4-979a9b28ba7c']","[608.437396, 716.655472, 576.8775845, 939.38321]","[187, 201, 173, 202]","[12, 22, 20, 19]","[8, 9, 6, 12]","[59, 83, 61, 64]","[26, 30, 29, 29]","[2, 5, 12, 13]","[57, 78, 49, 51]","[0, 0, 0, 1]",Male,Asian,61.0,34.0,83,1,19,Male,Asian,GED,Never,Rarely,10 or more years,Almost every day,10-15 hours,2-5 hours,Moderately skilled,6,5,2,2,4,3,4,Fighting Games,Destiny 2,Tekken 8,Valorant,Ascendant,Rajin,Diamond,No,No,No, , ,1,2,4,3,4,This person is a stranger. I am meeting them for the 1st time today.,This person is a stranger. I am meeting them for the 1st time today.,This person is a stranger. I am meeting them for the 1st time today.,15.0,"[12.0, nan, 20.0, 20.0]","[8.0, nan, 6.0, 13.0]","['win', nan, 'win', 'win']","['win', 'win', 'win', 'win']","[31.550802139037433, 41.29353233830846, 35.26011560693642, 31.683168316831683]","[16.0, 19.0, 19.0, 20.0]","[52.0, 89.0, 100.0, 100.0]","[50.0, 77.0, 100.0, 100.0]"
DKLQ,"['block_01', 'block_02', 'block_03', 'block_04']","[1, 1, 1, 1]","[4, 11, 11, 11]","[9, 8, 12, 6]","[12, 14, 12, 15]","[65, 60, 60, 65]","[90, 100, 100, 100]","[0, 0, 0, 0]","['d682ff1b-4c8a-9dae-d9d5-4582be12e778', 'a8c25021-42f3-e12a-9934-d48ca28b88aa', '4ca89552-4100-084d-279e-7db3ac4df894', 'f74ac41e-4abb-2c24-95ba-f6bd7a3aa0c5']","[711.733395, 1060.93859, 1036.735014, 1100.690293]","[155, 96, 134, 149]","[4, 5, 5, 3]","[8, 13, 11, 11]","[25, 20, 25, 18]","[23, 22, 28, 25]","[3, 9, 12, 7]","[22, 11, 13, 11]","[0, 0, 0, 0]",Male,Black/African-American,37.0,32.0,98,1,18,Male,Black/African-American,GED,Never,A few times per week,10 or more years,Almost every day,10-15 hours,2-5 hours,Moderately skilled,6,5,3,5,4,5,1, ,Genshin Impact,Legend of Zelda: Breath of the Wild,Overwatch, , , ,No,No,No, , ,2,1,4,3,3,This person is a stranger. I am meeting them for the 1st time today.,This person is a stranger. I am meeting them for the 1st time today.,This person is a friend. I know this person well and like them.,22.0,"[6.0, 7.0, 9.0, 6.0]","[9.0, 16.0, 13.0, 13.0]","['lost', 'lost', 'lost', 'lost']","['lost', 'lost', 'lost', 'lost']","[16.129032258064516, 20.833333333333336, 18.65671641791045, 12.080536912751679]","[15.0, 17.0, 15.0, 18.0]","[75.0, 81.0, 82.0, 93.0]","[75.0, 83.0, 79.0, 89.0]"
EDFR,"['block_01', 'block_02', 'block_03', 'block_04']","[4, 4, 4, 4]","[7, 9, 11, 13]","[9, 12, 12, 13]","[14, 14, 16, 15]","[12, 21, 23, 11]","[59, 68, 78, 69]","[0, 0, 0, 0]","['81378b98-41c5-d358-1442-72be5ced37bb', 'ca5139a6-4482-929d-9f37-54910b13f6a3', 'b2c14a1f-48d5-3766-86db-52b27a73b13b', '4f300843-434e-188e-ca63-70a6fceb8f72']","[240.0, 960.1057777, 862.0718676, 1047.006415]","[39, 43, 43, 89]","[0, 4, 7, 3]","[4, 12, 9, 14]","[3, 10, 14, 14]","[7, 14, 14, 12]","[1, 4, 9, 2]","[2, 6, 5, 12]","[0, 1, 0, 0]",Female,White/Caucasian,52.0,32.0,97,2,18,Female,White/Caucasian,GED,Never,Never,10 or more years,Almost every day,10-15 hours,2-5 hours,Moderately skilled,6,3,2,1,4,5,3,Fighting Games,Dishonored,Baldur's Gate 3,Terraria, , , ,No,No,No, , ,2,3,3,4,3,This person is a stranger. I am meeting them for the 1st time today.,This person is a stranger. I am meeting them for the 1st time today.,This person is a stranger. I am meeting them for the 1st time today.,1.0,"[0.0, nan, 7.0, 3.0]","[4.0, nan, 9.0, 14.0]","['lost', nan, 'lost', 'lost']","['lost', 'lost', 'lost', 'lost']","[7.6923076923076925, 23.25581395348837, 32.55813953488372, 15.730337078651685]","[15.0, 17.0, 19.0, 18.0]","[85.0, 86.0, 90.0, 87.0]","[86.0, 85.0, 85.0, 87.0]"
FTLD,"['block_01', 'block_02', 'block_03', 'block_04']","[2, 2, 2, 2]","[4, 4, 4, 3]","[4, 4, 3, 3]","[5, 4, 3, 4]","[80, 82, 95, 100]","[50, 81, 98, 96]","[23, 21, 28, 38]","['9d7674db-4299-49f2-09ce-408ffebe1332', 'ff9c203a-415a-f596-d37a-289a55618e1a', 'da70cd6f-44d0-f518-f635-5fa866148670', 'f8e91c5d-40a0-bbcd-4b3f-869dc7f8073a']","[651.635117, 671.739829, 703.615647, 793.9190824]","[178, 234, 179, 199]","[15, 14, 10, 10]","[5, 3, 9, 8]","[56, 75, 69, 54]","[28, 25, 32, 32]","[8, 10, 5, 5]","[48, 65, 64, 49]","[0, 0, 0, 0]",Male,Asian,,,94,1,20,Male,Asian,GED,Never,Every day,10 or more years,Almost every day,10-15 hours,10-15 hours,Moderately skilled,6,5,4,3,4,2,1, ,Rocket League,League of Legends,Apex,GC3 (Rocket League),Bronze 2 (league),Platinum (Apex),Yes,Yes,No, , ,2,2,4,2,2,This person is a friend. I know this person well and like them.,This person is a friend. I know this person well and like them.,This person is a friend. I know this person well and like them.,19.0,"[nan, nan, 13.0, 12.0]","[nan, nan, 11.0, nan]","[nan, nan, nan, nan]","['win', 'win', 'win', 'win']","[31.46067415730337, 32.05128205128205, 38.547486033519554, 27.1356783919598]","[20.0, 20.0, 20.0, 20.0]","[100.0, 100.0, 100.0, 100.0]","[100.0, 100.0, 100.0, 100.0]"
GTYU,"['block_01', 'block_02', 'block_03', 'block_04']","[1, 1, 1, 1]","[2, 2, 2, 2]","[10, 4, 2, 2]","[12, 4, 20, 2]","[100, 100, 100, 100]","[100, 100, 100, 100]","[17, 13, 12, 12]","['9d7674db-4299-49f2-09ce-408ffebe1332', 'ff9c203a-415a-f596-d37a-289a55618e1a', 'da70cd6f-44d0-f518-f635-5fa866148670', 'f8e91c5d-40a0-bbcd-4b3f-869dc7f8073a']","[579.2257316, 465.9096124, 452.717952, 571.5278074]","[52, 135, 113, 184]","[2, 6, 5, 8]","[6, 1, 1, 4]","[16, 37, 37, 41]","[13, 17, 24, 24]","[5, 6, 8, 3]","[11, 31, 29, 38]","[0, 0, 0, 0]",Male,Black/African-American,,,76,2,22,Male,Black/African-American,GED,Never,Rarely,10 or more years,Once or twice a week,10-15 hours,2-5 hours,Moderately skilled,7,4,1,4,3,4,5,Platforming,League of Legends,Valorant,Super Smash Bros, , , ,No,Yes,No, , ,1,2,3,2,4,This person is an acquaintance. I have spoken to this person before but do not know them well.,This person is an acquaintance. I have spoken to this person before but do not know them well.,This person is an acquaintance. I have spoken to this person before but do not know them well.,19.0,"[nan, nan, 14.0, nan]","[nan, nan, nan, nan]","[nan, nan, nan, nan]","['win', 'win', 'win', 'win']","[30.76923076923077, 27.40740740740741, 32.743362831858406, 22.282608695652172]","[16.0, 16.0, 18.0, 19.0]","[67.0, 87.0, 89.0, 96.0]","[50.0, 81.0, 98.0, 96.0]"
HGFD,"['block_01', 'block_02', 'block_03', 'block_04']","[4, 4, 4, 4]","[13, 6, 8, 16]","[6, 9, 13, 11]","[11, 11, 11, 10]","[10, 36, 23, 54]","[62, 72, 69, 85]","[0, 3, 0, 0]","['9e78a544-4fad-2033-7311-4f8a28b2f34f', '505ab3c0-4bfb-f248-a0ff-53be350d22d6', 'e27612de-4620-d131-fe94-1d8df7bf34e9', '5d02a094-4bec-a7f8-e7d4-979a9b28ba7c']","[1060.729499, 1146.781038, 1050.89235, 1135.403021]","[137, 130, 104, 136]","[3, 5, 2, 5]","[16, 18, 15, 14]","[16, 21, 7, 11]","[20, 23, 20, 21]","[6, 6, 2, 5]","[10, 15, 5, 6]","[0, 0, 1, 0]",Male,Black/African-American,56.0,35.0,96,1,21,Male,Black/African-American,Undergraduate,Never,Rarely,10 or more years,Once or twice a week,2-5 hours,Less than 2 hours,Moderately skilled,6,5,4,3,5,3,1, ,Pubg,COD Mobile ,Rocket League,Platinium in pubg,Master in COD,Town hall 10 in clash of clans,Yes,Yes,No, , ,2,3,4,2,4,This person is a stranger. I am meeting them for the 1st time today.,This person is a friend. I know this person well and like them.,This person is a stranger. I am meeting them for the 1st time today.,0.0,"[3.0, nan, 2.0, 5.0]","[16.0, nan, 16.0, 15.0]","['lost', nan, 'lost', 'lost']","['lost', 'lost', 'lost', 'lost']","[11.678832116788321, 16.153846153846153, 6.730769230769231, 8.088235294117647]","[4.0, 4.0, 4.0, 8.0]","[5.0, 10.0, 15.0, 30.0]","[9.0, 15.0, 21.0, 40.0]"
HJKL,"['block_01', 'block_02', 'block_03', 'block_04']","[3, 3, 3, 3]","[8, 11, 2, 1]","[6, 8, 2, 1]","[4, 8, 5, 3]","[52, 40, 50, 60]","[50, 32, 54, 89]","[4, 3, 1, 0]","['9d7674db-4299-49f2-09ce-408ffebe1332', 'ff9c203a-415a-f596-d37a-289a55618e1a', 'da70cd6f-44d0-f518-f635-5fa866148670', 'f8e91c5d-40a0-bbcd-4b3f-869dc7f8073a']","[781.436597, 1012.713674, 996.1481252, 767.916592]","[154, 175, 176, 138]","[6, 2, 6, 3]","[7, 12, 11, 8]","[30, 23, 35, 31]","[24, 21, 27, 18]","[0, 2, 0, 0]","[30, 21, 35, 31]","[0, 0, 0, 0]",Female,Hispanic/Latino,,,103,3,20,Female,Hispanic/Latino,GED,Never,A few times per month,10 or more years,Almost every day,8-10 hours,2-5 hours,Moderately skilled,5,4,2,4,4,1,1, ,rainbow six siege ,fornite,black ops 3,bronze ,60,prestige 8,No,No,No, , ,1,3,4,4,4,This person is an acquaintance. I have spoken to this person before but do not know them well.,This person is a friend. I know this person well and like them.,This person is a stranger. I am meeting them for the 1st time today.,4.0,"[nan, nan, nan, nan]","[nan, nan, nan, nan]","[nan, nan, nan, nan]","['lost', 'lost', 'lost', 'lost']","[19.480519480519483, 13.142857142857142, 19.886363636363637, 22.463768115942027]","[9.0, 6.0, 8.0, 5.0]","[61.0, 40.0, 58.0, 21.0]","[60.0, 32.0, 23.0, 38.0]"
HPLX,"['block_01', 'block_02', 'block_03', 'block_04']","[3, 3, 3, 3]","[13, 17, 18, 4]","[15, 17, 16, 6]","[11, 17, 17, 11]","[50, 87, 65, 87]","[86, 85, 85, 87]","[0, 0, 0, 0]","['81378b98-41c5-d358-1442-72be5ced37bb', 'ca5139a6-4482-929d-9f37-54910b13f6a3', 'b2c14a1f-48d5-3766-86db-52b27a73b13b', '4f300843-434e-188e-ca63-70a6fceb8f72']","[525.0, 1103.87816, 1208.024841, 1498.991564]","[62, 83, 118, 81]","[6, 7, 7, 5]","[8, 16, 15, 20]","[20, 23, 26, 20]","[12, 17, 20, 20]","[3, 5, 8, 8]","[17, 18, 18, 12]","[0, 0, 0, 0]",Male,Hispanic/Latino,66.0,28.0,113,1,19,Male,Hispanic/Latino,GED,Never,Every day,5-10 years,Almost every day,8-10 hours,Less than 2 hours,Moderately skilled,6,5,2,4,3,4,3,Rhythm,Halo Infinite,Minecraft,Horizon: zero dawn, , , ,No,No,No, , ,1,2,4,4,3,This person is a stranger. I am meeting them for the 1st time today.,This person is a stranger. I am meeting them for the 1st time today.,This person is a stranger. I am meeting them for the 1st time today.,1.0,"[6.0, nan, 7.0, 5.0]","[8.0, nan, 15.0, 20.0]","['lost', nan, 'lost', 'lost']","['lost', 'lost', 'lost', 'lost']","[32.25806451612903, 27.710843373493976, 22.033898305084744, 24.691358024691358]","[9.0, 15.0, 17.0, 17.0]","[54.0, 80.0, 83.0, 73.0]","[59.0, 68.0, 78.0, 69.0]"
JHGF,"['block_01', 'block_02', 'block_03', 'block_04']","[4, 4, 4, 4]","[16, 17, 13, 13]","[15, 15, 12, 11]","[15, 19, 14, 15]","[4, 3, 3, 40]","[80, 81, 90, 90]","[0, 0, 0, 0]","['85a5023a-4976-0721-23b2-028c85a483dd', '32143347-4542-7282-6c5b-b7b56e6a33c5', 'dd256e2a-4e9a-fe7f-54b8-66bfb1d5fa7e', '0f012d24-4034-4c67-7810-53878af71db6']","[705.424416, 1113.566135, 1275.401474, 831.20092]","[49, 71, 107, 88]","[2, 0, 0, 2]","[8, 3, 8, 4]","[3, 2, 8, 12]","[11, 15, 15, 18]","[2, 0, 2, 4]","[1, 2, 6, 8]","[0, 0, 0, 0]",Male,Black/African-American,55.0,32.0,91,2,24,Male,Black/African-American,Undergraduate,Never,A few times per week,10 or more years,Almost every day,8-10 hours,2-5 hours,Moderately skilled,7,1,1,3,3,4,5,Fighting Games,Super Smash Bros. Ultimate,Guilty Gear XX Accent Core +R,King of Fighters XIII, , , ,No,No,No, , ,1,1,2,2,4,This person is a stranger. I am meeting them for the 1st time today.,This person is a stranger. I am meeting them for the 1st time today.,This person is a stranger. I am meeting them for the 1st time today.,8.0,"[2.0, 0.0, 1.0, 3.0]","[10.0, 15.0, 19.0, 14.0]","['lost', 'lost', 'lost', 'lost']","['lost', 'lost', 'lost', 'lost']","[6.122448979591836, 2.8169014084507045, 7.476635514018691, 13.636363636363635]","[7.0, 5.0, 5.0, 7.0]","[51.0, 14.0, 25.0, 29.0]","[30.0, 15.0, 13.0, 27.0]"
KJHG,"['block_01', 'block_02', 'block_03', 'block_04']","[1, 1, 1, 1]","[3, 8, 4, 4]","[8, 14, 14, 7]","[2, 9, 14, 4]","[81, 10, 20, 91]","[25, 15, 10, 20]","[0, 2, 11, 31]","['6c8bd420-4c9d-706d-8454-94b39efeea8c', 'd108dce9-483b-883f-c89d-ccb85c4b4452', 'b6fe0b45-4b33-78f5-6ba6-31bd4383eb57', 'f916980f-4c87-8c5d-4e73-9e8eb6e76bc1']","[378.984164, 809.2289955, 594.795035, 547.1723357]","[72, 149, 90, 142]","[5, 10, 11, 17]","[4, 11, 6, 8]","[17, 42, 32, 59]","[15, 27, 19, 26]","[4, 4, 12, 10]","[13, 38, 20, 49]","[0, 0, 0, 0]",Female,Black/African-American,53.0,30.0,78,1,18,Female,Black/African-American,Undergraduate,Never,Never,10 or more years,Once or twice a week,8-10 hours,2-5 hours,Not very skilled,5,5,1,2,4,3,4,Survival ,Valorant,Fortnite,Minecraft,Platinum,Gold ,Silver,No,No,No, , ,2,2,4,2,2,This person is a stranger. I am meeting them for the 1st time today.,This person is a stranger. I am meeting them for the 1st time today.,This person is a stranger. I am meeting them for the 1st time today.,27.0,"[6.0, 10.0, 11.0, nan]","[4.0, 11.0, 6.0, nan]","['lost', 'lost', 'lost', nan]","['lost', 'lost', 'lost', 'draw']","[23.61111111111111, 28.187919463087248, 35.55555555555556, 41.54929577464789]","[17.0, 18.0, 17.0, 17.0]","[99.0, 91.0, 81.0, 92.0]","[93.0, 90.0, 91.0, 93.0]"
LKJH,"['block_01', 'block_02', 'block_03', 'block_04']","[3, 3, 3, 3]","[3, 2, 6, 6]","[3, 4, 6, 13]","[6, 6, 12, 6]","[57, 75, 34, 21]","[73, 57, 35, 61]","[0, 4, 7, 17]","['1263e8ef-4b1f-9a88-a07b-85971cac44ab', '6ee85647-4297-186c-24fa-c4970441459c', 'b8103d26-48b2-edb7-9cf6-febff2e0b27b', '7dcb719f-46a8-2478-bac5-4da70d64241f']","[754.624653, 691.610931, 1044.730508, 946.254479]","[76, 87, 90, 102]","[5, 8, 5, 3]","[11, 11, 14, 15]","[25, 28, 31, 25]","[19, 17, 19, 23]","[2, 2, 4, 2]","[23, 26, 27, 23]","[0, 0, 0, 0]",Male,Asian,61.0,40.0,86,1,23,Male,Asian,Undergraduate,Every day,A few times per week,2-5 years,Once or twice a week,2-5 hours,Less than 2 hours,Moderately skilled,5,5,5,3,4,5, , ,VALORANT,FIFA 23,GHOST OF TSUSHIMA,GOLD, ,ACE,Yes,No,No, , ,4,2,4,2,2,This person is a friend. I know this person well and like them.,This person is a stranger. I am meeting them for the 1st time today.,This person is a stranger. I am meeting them for the 1st time today.,14.0,"[5.0, 8.0, 5.0, 3.0]","[11.0, 11.0, 14.0, 15.0]","['lost', 'lost', 'lost', 'lost']","['lost', 'lost', 'lost', 'lost']","[32.89473684210527, 32.18390804597701, 34.44444444444444, 24.509803921568626]","[16.0, 5.0, 4.0, 6.0]","[51.0, 21.0, 41.0, 38.0]","[32.0, 18.0, 23.0, 26.0]"
LKMN,"['block_01', 'block_02', 'block_03', 'block_04']","[4, 4, 4, 4]","[7, 5, 6, 6]","[14, 6, 5, 4]","[15, 9, 6, 7]","[10, 70, 20, 60]","[60, 70, 65, 76]","[8, 8, 3, 7]","['fff26c4d-43e8-7f61-fd2b-5782e7e5534a', '5f37dd81-4a8f-f82f-c1a4-989ea7e3cc0d', '39593e97-4ced-1883-561b-c1981864c0f2', '663178b4-4750-34d4-90da-7cb074beb55e']","[1295.27027, 566.7962865, 622.993601, 627.766637]","[233, 74, 128, 224]","[9, 11, 6, 12]","[18, 9, 11, 7]","[44, 24, 34, 51]","[29, 26, 24, 26]","[4, 15, 4, 3]","[40, 9, 30, 48]","[0, 0, 0, 0]",Male,Hispanic/Latino,67.0,28.0,98,3,22,Male,Hispanic/Latino,Undergraduate,Never,A few times per month,10 or more years,Almost every day,More than 20 hours,2-5 hours,Moderately skilled,6,3,1,2,3,5,4,Rhythm,League of Legends,Elden Ring,Overwatch 2,Master Rank in Street Fighter 6,Platinum 1 in Overwatch 2,Top 50k players globally for osu!,No,Yes,No, , ,2,1,3,4,2,This person is a stranger. I am meeting them for the 1st time today.,This person is a stranger. I am meeting them for the 1st time today.,This person is a stranger. I am meeting them for the 1st time today.,13.0,"[9.0, 12.0, nan, 12.0]","[18.0, 9.0, nan, 7.0]","['lost', 'win', nan, 'win']","['lost', 'win', 'draw', 'win']","[18.88412017167382, 32.432432432432435, 26.5625, 22.767857142857142]","[10.0, 13.0, 14.0, 15.0]","[65.0, 70.0, 70.0, 80.0]","[50.0, 70.0, 70.0, 80.0]"
LKPW,"['block_01', 'block_02', 'block_03', 'block_04']","[3, 3, 3, 3]","[7, 8, 10, 10]","[6, 7, 9, 10]","[13, 15, 15, 14]","[21, 11, 10, 21]","[63, 51, 61, 61]","[0, 0, 0, 7]","['ab54cf6b-4602-187d-4dbf-308f2571bdbb', '69d133a0-4a25-7ea2-81fb-2883be8d8185', '3ff660ba-4d88-cf89-379c-6fa45712769a', '87069e81-4953-3251-444b-88a144ec20b5']","[960.0, 838.5947804, 1010.203544, 1047.019465]","[52, 27, 53, 42]","[2, 1, 0, 5]","[10, 6, 1, 13]","[11, 6, 5, 16]","[17, 13, 11, 15]","[8, 4, 1, 7]","[3, 2, 4, 9]","[0, 0, 0, 0]",Male,Hispanic/Latino,41.0,38.0,104,2,20,Male,Hispanic/Latino,GED,Never,Never,10 or more years,Almost every day,2-5 hours,Less than 2 hours,Moderately skilled,5,5,1,4,3,4,5,Action,Halo: Master Chief Collection,God of War (2018),Bayonetta 3, , , ,No,No,No, , ,1,1,4,2,3,This person is a stranger. I am meeting them for the 1st time today.,This person is a stranger. I am meeting them for the 1st time today.,This person is a stranger. I am meeting them for the 1st time today.,5.0,"[5.0, 3.0, 1.0, 6.0]","[15.0, 13.0, 15.0, 15.0]","['lost', 'lost', 'lost', 'lost']","['lost', 'lost', 'lost', 'lost']","[21.153846153846153, 22.22222222222222, 9.433962264150944, 38.095238095238095]","[7.0, 11.0, 9.0, 11.0]","[50.0, 50.0, 45.0, 62.0]","[45.0, 50.0, 34.0, 51.0]"
LPZV,"['block_01', 'block_02', 'block_03', 'block_04']","[3, 3, 3, 3]","[13, 12, 15, 10]","[10, 9, 10, 10]","[15, 10, 10, 13]","[40, 75, 70, 71]","[80, 90, 80, 65]","[0, 0, 0, 0]","['6a0b7489-4997-a37e-d69c-38ab276c14cd', '95b311f5-4446-507a-907e-07b9160fc694', '15f350b5-46bc-916a-4e48-529cd8813848', '01c80c4d-46c8-45f5-d583-0281844f2f5d']","[1124.165954, 1041.44033, 1159.869129, 1153.002846]","[127, 94, 112, 182]","[3, 5, 6, 12]","[10, 11, 9, 7]","[24, 21, 33, 56]","[21, 26, 33, 31]","[3, 8, 13, 10]","[21, 13, 20, 46]","[0, 0, 0, 0]",Male,Asian,31.0,31.0,103,1,20,Male,Asian,GED,Never,Never,10 or more years,Almost every day,10-15 hours,2-5 hours,Moderately skilled,6,4,4,5,5,4,4,Rhythm,League of Legends,Valorant,Teamfight Tactics,Silver (League of Legends),Platinum (Valorant),Silver (Teamfight Tactics),No,Yes,No, , ,1,1,4,2,1,This person is a stranger. I am meeting them for the 1st time today.,This person is a stranger. I am meeting them for the 1st time today.,This person is a stranger. I am meeting them for the 1st time today.,9.0,"[5.0, 7.0, 12.0, 18.0]","[14.0, 14.0, 16.0, 14.0]","['lost', 'lost', 'lost', 'lost']","['lost', 'lost', 'lost', 'win']","[18.89763779527559, 22.340425531914892, 29.464285714285715, 30.76923076923077]","[11.0, 14.0, 14.0, 13.0]","[40.0, 60.0, 71.0, 44.0]","[50.0, 54.0, 70.0, 62.0]"
LRTB,"['block_01', 'block_02', 'block_03', 'block_04']","[3, 3, 3, 3]","[11, 10, 13, 10]","[7, 8, 9, 7]","[13, 14, 13, 10]","[51, 34, 13, 49]","[30, 15, 13, 27]","[0, 0, 0, 0]","['85a5023a-4976-0721-23b2-028c85a483dd', '32143347-4542-7282-6c5b-b7b56e6a33c5', 'dd256e2a-4e9a-fe7f-54b8-66bfb1d5fa7e', '0f012d24-4034-4c67-7810-53878af71db6']","[705.0, 629.111161, 1189.696704, 937.479055]","[178, 83, 151, 130]","[4, 3, 3, 4]","[4, 3, 9, 3]","[48, 26, 48, 41]","[24, 21, 31, 26]","[2, 8, 7, 9]","[46, 18, 41, 32]","[0, 0, 0, 0]",Female,Hispanic/Latino,55.0,49.0,99,3,21,Female,Hispanic/Latino,GED,Never,Never,5-10 years,Almost every day,10-15 hours,2-5 hours,Moderately skilled,5,5,1,2,2,2,3,monster collecting,Overwatch 2,Destiny 2,Hungry Shark World,Masters 5 peak (dps & support),top 1000 (global) in pvp and cr: 163,top300 (global),No,Yes,No, , ,1,1,4,2,3,This person is a stranger. I am meeting them for the 1st time today.,This person is a stranger. I am meeting them for the 1st time today.,This person is a stranger. I am meeting them for the 1st time today.,8.0,"[8.0, 10.0, 7.0, 11.0]","[10.0, 8.0, 18.0, 14.0]","['lost', 'lost', 'lost', 'lost']","['lost', 'lost', 'lost', 'lost']","[26.96629213483146, 31.32530120481928, 31.788079470198678, 31.538461538461537]","[15.0, 17.0, 14.0, 15.0]","[81.0, 82.0, 73.0, 82.0]","[80.0, 81.0, 90.0, 90.0]"
MJKL,"['block_01', 'block_02', 'block_03', 'block_04']","[3, 3, 3, 3]","[11, 11, 10, 11]","[10, 11, 11, 7]","[12, 12, 12, 10]","[8, 10, 15, 40]","[9, 15, 21, 40]","[27, 37, 29, 24]","['9e78a544-4fad-2033-7311-4f8a28b2f34f', '505ab3c0-4bfb-f248-a0ff-53be350d22d6', 'e27612de-4620-d131-fe94-1d8df7bf34e9', '5d02a094-4bec-a7f8-e7d4-979a9b28ba7c']","[1245.258711, 1312.776225, 1488.714136, 1064.516246]","[270, 269, 136, 275]","[9, 9, 7, 15]","[18, 21, 20, 12]","[54, 51, 35, 68]","[32, 28, 26, 27]","[4, 3, 7, 2]","[50, 48, 28, 66]","[0, 0, 0, 0]",Female,Asian,57.0,36.0,90,1,20,Female,Asian,GED,Never,A few times per month,5-10 years,Almost every day,10-15 hours,2-5 hours,Moderately skilled,4,5,3,3,3,2,4,Sandbox,Minecraft,Valorant,Lethal Company/Indie games,Gold 3 in Valorant, , ,No,No,No, , ,2,1,3,1,3,This person is a stranger. I am meeting them for the 1st time today.,This person is a stranger. I am meeting them for the 1st time today.,This person is a stranger. I am meeting them for the 1st time today.,0.0,"[9.0, nan, 7.0, 15.0]","[18.0, nan, 20.0, 12.0]","['lost', nan, 'lost', 'lost']","['lost', 'lost', 'lost', 'lost']","[20.0, 18.95910780669145, 25.735294117647058, 24.727272727272727]","[11.0, 14.0, 14.0, 16.0]","[55.0, 65.0, 64.0, 79.0]","[62.0, 72.0, 69.0, 85.0]"
MJUY,"['block_01', 'block_02', 'block_03', 'block_04']","[4, 4, 4, 4]","[12, 13, 12, 13]","[15, 7, 13, 16]","[14, 12, 14, 15]","[13, 39, 35, 34]","[50, 54, 70, 62]","[0, 6, 7, 4]","['6a0b7489-4997-a37e-d69c-38ab276c14cd', '95b311f5-4446-507a-907e-07b9160fc694', '15f350b5-46bc-916a-4e48-529cd8813848', '01c80c4d-46c8-45f5-d583-0281844f2f5d']","[1408.462436, 908.819001, 951.459723, 1030.91356]","[90, 62, 72, 111]","[2, 7, 3, 5]","[12, 6, 7, 9]","[18, 24, 28, 22]","[25, 24, 21, 27]","[8, 17, 13, 13]","[10, 7, 15, 9]","[0, 0, 0, 0]",Male,White/Caucasian,58.0,49.0,104,2,21,Male,White/Caucasian,Undergraduate,Never,Never,10 or more years,Almost every day,More than 20 hours,8-10 hours,Very skilled,6,4,2,1,3,2,5,Roguelike,Smite,The Binding Of Isaac: Rebirth,Hearthstone,Diamond in Hearthstone, , ,No,No,No, , ,1,2,3,2,4,This person is a stranger. I am meeting them for the 1st time today.,This person is a stranger. I am meeting them for the 1st time today.,This person is a stranger. I am meeting them for the 1st time today.,9.0,"[5.0, 12.0, 9.0, 7.0]","[19.0, 10.0, 12.0, 15.0]","['lost', 'lost', 'lost', 'lost']","['lost', 'lost', 'lost', 'win']","[20.0, 38.70967741935484, 38.88888888888889, 19.81981981981982]","[18.0, 20.0, 17.0, 16.0]","[95.0, 90.0, 90.0, 70.0]","[80.0, 90.0, 80.0, 65.0]"
MNOP,"['block_01', 'block_02', 'block_03', 'block_04']","[3, 3, 3, 3]","[11, 12, 11, 9]","[14, 11, 12, 10]","[13, 11, 13, 13]","[25, 35, 35, 35]","[50, 70, 70, 80]","[4, 7, 11, 10]","['fff26c4d-43e8-7f61-fd2b-5782e7e5534a', '5f37dd81-4a8f-f82f-c1a4-989ea7e3cc0d', '39593e97-4ced-1883-561b-c1981864c0f2', '663178b4-4750-34d4-90da-7cb074beb55e']","[884.514133, 1164.747241, 766.3448234, 1043.665439]","[186, 172, 150, 128]","[8, 10, 8, 7]","[12, 13, 10, 14]","[43, 53, 37, 30]","[26, 30, 24, 24]","[1, 8, 7, 10]","[42, 45, 30, 20]","[0, 1, 0, 0]",Non-binary,White/Caucasian,43.0,42.0,91,1,21,Non-binary,White/Caucasian,Undergraduate,Never,Never,10 or more years,Almost every day,More than 20 hours,2-5 hours,Moderately skilled,6,3,1,2,4,2,5,Puzzle,Omega Strikers,Team Fortress 2,Tametsi,Challenger and Top 250 (Omega Strikers), , ,No,Yes,No, , ,1,2,3,2,4,This person is a stranger. I am meeting them for the 1st time today.,This person is a stranger. I am meeting them for the 1st time today.,This person is a stranger. I am meeting them for the 1st time today.,13.0,"[8.0, 10.0, nan, 7.0]","[12.0, 14.0, nan, 14.0]","['lost', 'win', nan, 'win']","['lost', 'win', 'draw', 'win']","[23.118279569892472, 30.813953488372093, 24.666666666666668, 23.4375]","[10.0, 13.0, 13.0, 15.0]","[60.0, 72.0, 70.0, 80.0]","[60.0, 70.0, 65.0, 76.0]"
MTYH,"['block_01', 'block_02', 'block_03', 'block_04']","[2, 2, 2, 2]","[7, 5, 3, 1]","[3, 1, 1, 1]","[1, 5, 1, 1]","[30, 30, 40, 35]","[91, 100, 100, 100]","[2, 1, 3, 5]","['ab54cf6b-4602-187d-4dbf-308f2571bdbb', '69d133a0-4a25-7ea2-81fb-2883be8d8185', '3ff660ba-4d88-cf89-379c-6fa45712769a', '87069e81-4953-3251-444b-88a144ec20b5']","[650.213622, 302.04389, 439.5811075, 960.007502]","[213, 259, 270, 289]","[12, 9, 5, 19]","[4, 0, 0, 6]","[79, 78, 78, 91]","[24, 26, 30, 33]","[0, 3, 5, 5]","[79, 75, 73, 86]","[0, 0, 0, 0]",Male,Asian,37.0,37.0,90,1,18,Male,Asian,GED,Never,Never,5-10 years,Once or twice a week,8-10 hours,Less than 2 hours,Not very skilled,5,5,3,2,4,3,4,Souls-Like,League of Legends,Counter-Strike GO/2,Cuphead,Counter-Strike: GO,League of Legends,Rainbow 6: Siege,No,No,No, , ,2,2,4,1,2,This person is a stranger. I am meeting them for the 1st time today.,This person is a stranger. I am meeting them for the 1st time today.,This person is a stranger. I am meeting them for the 1st time today.,20.0,"[17.0, 19.0, 19.0, 23.0]","[7.0, 2.0, 5.0, 9.0]","['win', 'win', 'win', 'win']","['win', 'win', 'win', 'win']","[37.08920187793427, 30.115830115830118, 28.888888888888886, 31.4878892733564]","[20.0, 20.0, 20.0, 20.0]","[100.0, 100.0, 100.0, 100.0]","[100.0, 100.0, 100.0, 100.0]"
PKJH,"['block_01', 'block_02', 'block_03', 'block_04']","[2, 2, 2, 2]","[2, 3, 2, 4]","[2, 5, 2, 4]","[2, 7, 3, 3]","[91, 69, 98, 53]","[52, 30, 54, 37]","[16, 22, 21, 24]","['c5bb93cd-4cce-11d8-6d58-2e9e469acb71', '719e2eb0-4197-b167-41f9-8db24f75b605', 'f85b8323-4ca7-ee3c-bb78-94b36cadb805', '0538e108-4c09-5ff7-ab2b-959e4a36ad6b']","[957.913214, 801.524982, 788.064482, 918.037361]","[177, 166, 211, 261]","[1, 3, 6, 2]","[2, 5, 2, 3]","[65, 50, 78, 48]","[32, 30, 29, 33]","[5, 12, 13, 9]","[60, 38, 65, 39]","[0, 0, 0, 0]",Male,White/Caucasian,35.0,35.0,83,1,19,Male,White/Caucasian,Undergraduate,Never,Every day,10 or more years,Almost every day,More than 20 hours,2-5 hours,Moderately skilled,6,5,4,5,2,2,4,Aim Trainers,Valorant,AimLabs,Escape From Tarkov,Valorant top 600,Aimlabs top 5%, ,Yes,Yes,No, , ,3,2,4,1,2,This person is a stranger. I am meeting them for the 1st time today.,This person is a stranger. I am meeting them for the 1st time today.,This person is a stranger. I am meeting them for the 1st time today.,21.0,"[18.0, 19.0, 24.0, 15.0]","[12.0, 11.0, 8.0, 11.0]","['win', 'lost', 'win', 'lost']","['lost', 'lost', 'win', 'lost']","[36.72316384180791, 30.120481927710845, 36.96682464454976, 18.39080459770115]","[12.0, 16.0, 17.0, 17.0]","[81.0, 67.0, 75.0, 86.0]","[74.0, 83.0, 78.0, 78.0]"
QAXY,"['block_01', 'block_02', 'block_03', 'block_04']","[3, 3, 3, 3]","[8, 13, 9, 7]","[10, 14, 14, 8]","[13, 9, 12, 10]","[85, 91, 85, 80]","[75, 82, 80, 81]","[21, 42, 35, 56]","['d682ff1b-4c8a-9dae-d9d5-4582be12e778', 'a8c25021-42f3-e12a-9934-d48ca28b88aa', '4ca89552-4100-084d-279e-7db3ac4df894', 'f74ac41e-4abb-2c24-95ba-f6bd7a3aa0c5']","[570.780497, 689.370146, 748.321295, 605.45201]","[170, 236, 193, 121]","[8, 11, 13, 12]","[4, 4, 6, 3]","[34, 63, 50, 41]","[24, 33, 24, 24]","[3, 4, 5, 12]","[31, 59, 45, 29]","[0, 0, 0, 0]",Male,White/Caucasian,42.0,37.0,98,1,19,Male,White/Caucasian,GED,Never,Rarely,10 or more years,Almost every day,10-15 hours,2-5 hours,Moderately skilled,6,4,3,4,2,2,4,Sandbox,Fortnite,Overwatch,Super Smash Bros (Ultimate),Fortnite - Diamond,Overwatch - Platinum, ,No,Yes,No, , ,3,2,3,2,1,This person is a stranger. I am meeting them for the 1st time today.,This person is a friend. I know this person well and like them.,This person is a stranger. I am meeting them for the 1st time today.,7.0,"[9.0, 15.0, 14.0, 13.0]","[6.0, 8.0, 7.0, 6.0]","['win', 'win', 'win', 'win']","['win', 'win', 'win', 'win']","[20.0, 26.69491525423729, 25.906735751295333, 33.88429752066116]","[16.0, 20.0, 20.0, 20.0]","[81.0, 100.0, 100.0, 100.0]","[90.0, 100.0, 100.0, 100.0]"
QAZW,"['block_01', 'block_02', 'block_03', 'block_04']","[2, 2, 2, 2]","[8, 10, 11, 11]","[10, 11, 11, 11]","[10, 11, 10, 12]","[70, 74, 73, 74]","[70, 66, 73, 76]","[1, 5, 3, 8]","['1263e8ef-4b1f-9a88-a07b-85971cac44ab', '6ee85647-4297-186c-24fa-c4970441459c', 'b8103d26-48b2-edb7-9cf6-febff2e0b27b', '7dcb719f-46a8-2478-bac5-4da70d64241f']","[285.0, 495.0, 586.809811, 534.865155]","[207, 347, 268, 295]","[13, 23, 20, 20]","[2, 4, 3, 4]","[59, 87, 84, 77]","[25, 31, 28, 32]","[4, 4, 9, 8]","[55, 83, 75, 69]","[0, 0, 0, 0]",Male,Asian,60.0,39.0,100,2,21,Male,Asian,Undergraduate,Never,A few times per month,5-10 years,Almost every day,10-15 hours,Less than 2 hours,Moderately skilled,6,4,3,2,4,1,5,Rouge-Like,The Division 2 ,Slay the Spire,7 Days to Die,Gold 5 Apex Legends,Silver 2/3 CSGO, ,No,No,No, , ,1,3,3,2,3,This person is a stranger. I am meeting them for the 1st time today.,This person is a stranger. I am meeting them for the 1st time today.,This person is a stranger. I am meeting them for the 1st time today.,29.0,"[13.0, 23.0, 20.0, 20.0]","[2.0, 4.0, 3.0, 4.0]","['win', 'win', 'win', 'win']","['win', 'win', 'win', 'win']","[28.502415458937197, 25.072046109510087, 31.343283582089555, 26.101694915254235]","[16.0, 18.0, 17.0, 17.0]","[82.0, 88.0, 84.0, 82.0]","[83.0, 87.0, 87.0, 83.0]"
QPOI,"['block_01', 'block_02', 'block_03', 'block_04']","[1, 1, 1, 1]","[4, 3, 3, 3]","[2, 6, 1, 3]","[2, 2, 1, 2]","[100, 96, 100, 100]","[50, 77, 100, 100]","[0, 14, 27, 44]","['9e78a544-4fad-2033-7311-4f8a28b2f34f', '505ab3c0-4bfb-f248-a0ff-53be350d22d6', 'e27612de-4620-d131-fe94-1d8df7bf34e9', '5d02a094-4bec-a7f8-e7d4-979a9b28ba7c']","[697.4535666, 657.886332, 402.1514, 591.142916]","[242, 188, 265, 156]","[22, 17, 15, 7]","[4, 5, 3, 8]","[63, 54, 62, 35]","[29, 25, 21, 21]","[10, 6, 5, 4]","[53, 48, 57, 31]","[0, 0, 0, 0]",Male,Asian,62.0,25.0,94,2,21,Male,Asian,GED,Never,Every day,10 or more years,Less than once a month,Less than 2 hours,Less than 2 hours,Moderately skilled,5,5,2,3,4,1, , ,Valorant,League of Legends,Pubg,Silver League of legends,none,none,No,No,No, , ,2,2,4,1,1,This person is a stranger. I am meeting them for the 1st time today.,This person is a friend. I know this person well and like them.,This person is a stranger. I am meeting them for the 1st time today.,15.0,"[22.0, nan, 15.0, 7.0]","[4.0, nan, 3.0, 8.0]","['win', nan, 'win', 'win']","['win', 'win', 'win', 'win']","[26.033057851239672, 28.723404255319153, 23.39622641509434, 22.435897435897438]","[20.0, 18.0, 20.0, 20.0]","[91.0, 95.0, 100.0, 100.0]","[100.0, 100.0, 100.0, 100.0]"
QWER,"['block_01', 'block_02', 'block_03', 'block_04']","[2, 2, 2, 2]","[6, 2, 5, 6]","[8, 11, 2, 4]","[1, 8, 3, 3]","[100, 71, 81, 93]","[55, 9, 39, 5]","[0, 0, 11, 3]","['fff26c4d-43e8-7f61-fd2b-5782e7e5534a', '5f37dd81-4a8f-f82f-c1a4-989ea7e3cc0d', '39593e97-4ced-1883-561b-c1981864c0f2', '663178b4-4750-34d4-90da-7cb074beb55e']","[418.157303, 937.761353, 674.289173, 614.866236]","[174, 219, 157, 205]","[18, 19, 14, 14]","[6, 7, 5, 7]","[61, 67, 54, 57]","[27, 32, 22, 28]","[5, 9, 6, 6]","[56, 58, 48, 51]","[0, 0, 0, 0]",Male,White/Caucasian,64.0,37.0,85,3,18,Male,White/Caucasian,Undergraduate,Never,Every day,10 or more years,Almost every day,More than 20 hours,2-5 hours,Moderately skilled,5,5,5,4,3,2,1, ,Helldivers 2,Star Citizen,Fortnite,Onyx in Halo Infinite,Diamond 1 in Apex Legends,Elite in Fortnite,No,Yes,Yes,"196 In Fortnite, 66 in Apex, 135 In Halo. Those were the main competitive shooters I played.",2,1,1,4,2,2,This person is a stranger. I am meeting them for the 1st time today.,This person is a stranger. I am meeting them for the 1st time today.,This person is a stranger. I am meeting them for the 1st time today.,28.0,"[18.0, 19.0, nan, 14.0]","[6.0, 8.0, nan, 7.0]","['win', 'lost', nan, 'lost']","['win', 'lost', 'draw', 'lost']","[35.05747126436782, 30.59360730593607, 34.394904458598724, 27.80487804878049]","[10.0, 1.0, 3.0, 6.0]","[59.0, 10.0, 40.0, 2.0]","[55.0, 9.0, 39.0, 5.0]"
QWRT,"['block_01', 'block_02', 'block_03', 'block_04']","[2, 2, 2, 2]","[4, 4, 1, 1]","[4, 6, 1, 1]","[5, 4, 2, 1]","[100, 82, 92, 100]","[73, 78, 100, 100]","[19, 12, 21, 19]","['85a5023a-4976-0721-23b2-028c85a483dd', '32143347-4542-7282-6c5b-b7b56e6a33c5', 'dd256e2a-4e9a-fe7f-54b8-66bfb1d5fa7e', '0f012d24-4034-4c67-7810-53878af71db6']","[619.990292, 484.19711, 589.8728093, 791.9358179]","[180, 145, 156, 166]","[6, 2, 4, 5]","[4, 2, 3, 4]","[51, 41, 44, 51]","[19, 21, 26, 25]","[0, 2, 4, 2]","[51, 39, 40, 49]","[0, 0, 0, 0]",Male,Black/African-American,28.0,29.0,86,3,19,Male,Black/African-American,GED,Never,Rarely,10 or more years,Almost every day,8-10 hours,2-5 hours,Moderately skilled,6,5,3,3,3,2, , ,Valorant,Fortnite,The Finals,Diamond,Unreal, ,No,Yes,No, , ,2,2,3,2,2,This person is a stranger. I am meeting them for the 1st time today.,This person is a stranger. I am meeting them for the 1st time today.,This person is a stranger. I am meeting them for the 1st time today.,23.0,"[12.0, 8.0, 9.0, 13.0]","[8.0, 6.0, 7.0, 9.0]","['win', 'win', 'win', 'win']","['win', 'win', 'win', 'win']","[28.333333333333332, 28.27586206896552, 28.205128205128204, 30.72289156626506]","[17.0, 18.0, 20.0, 18.0]","[98.0, 97.0, 97.0, 95.0]","[95.0, 94.0, 95.0, 96.0]"
QXZW,"['block_01', 'block_02', 'block_03', 'block_04']","[3, 1, 3, 3]","[8, 9, 12, 13]","[13, 13, 16, 15]","[11, 9, 15, 7]","[70, 70, 20, 76]","[70, 72, 46, 70]","[0, 0, 0, 0]","['c5bb93cd-4cce-11d8-6d58-2e9e469acb71', '719e2eb0-4197-b167-41f9-8db24f75b605', 'f85b8323-4ca7-ee3c-bb78-94b36cadb805', '0538e108-4c09-5ff7-ab2b-959e4a36ad6b']","[727.687753, 641.041066, 916.7255232, 536.2976371]","[202, 196, 175, 142]","[1, 8, 2, 1]","[0, 1, 3, 2]","[45, 65, 38, 38]","[30, 25, 28, 21]","[4, 5, 5, 5]","[41, 60, 33, 33]","[0, 0, 1, 0]",Male,White/Caucasian,36.0,38.0,85,1,21,Male,White/Caucasian,Undergraduate,Never,Rarely,10 or more years,Almost every day,More than 20 hours,2-5 hours,Moderately skilled,6,4,2,3,4,5,4,Mobile games/Gacha ,Destiny 2 ,Pokemon Violet ,Hearthstone,platinum overwatch 2 ,diamond 4 hearthstone , ,No,No,No, , ,1,1,4,2,3,This person is a stranger. I am meeting them for the 1st time today.,This person is a stranger. I am meeting them for the 1st time today.,This person is a stranger. I am meeting them for the 1st time today.,6.0,"[14.0, 19.0, 7.0, 11.0]","[12.0, 7.0, 13.0, 5.0]","['lost', 'win', 'lost', 'win']","['win', 'win', 'lost', 'win']","[22.277227722772277, 33.16326530612245, 21.714285714285715, 26.76056338028169]","[11.0, 12.0, 12.0, 13.0]","[50.0, 57.0, 50.0, 69.0]","[50.0, 66.0, 50.0, 70.0]"
RQWE,"['block_01', 'block_02', 'block_03', 'block_04']","[2, 2, 2, 2]","[10, 7, 10, 10]","[11, 10, 10, 12]","[10, 10, 9, 10]","[65, 60, 42, 32]","[75, 83, 79, 89]","[0, 0, 0, 0]","['d682ff1b-4c8a-9dae-d9d5-4582be12e778', 'a8c25021-42f3-e12a-9934-d48ca28b88aa', '4ca89552-4100-084d-279e-7db3ac4df894', 'f74ac41e-4abb-2c24-95ba-f6bd7a3aa0c5']","[649.6033516, 732.0923815, 737.2379536, 934.908929]","[189, 203, 172, 206]","[4, 7, 5, 3]","[8, 10, 12, 9]","[32, 44, 27, 39]","[27, 26, 27, 24]","[3, 6, 0, 2]","[29, 38, 27, 37]","[0, 0, 0, 0]",Male,Black/African-American,41.0,41.0,80,2,21,Male,Black/African-American,Undergraduate,Never,A few times per month,10 or more years,Almost every day,8-10 hours,2-5 hours,Very skilled,7,4,2,2,3,5,2,Horror,Super Smash Bros. Ultimate,Final Fantasy VII Remake,Geometry Dash,Top 100 Sephiroth in SSBU Worldwide,Top 50 Corrin in SSBU Worldwide,Ranked 2nd on UMBC PR in SSBU,No,No,Yes, , ,2,2,3,4,2,This person is a stranger. I am meeting them for the 1st time today.,This person is a stranger. I am meeting them for the 1st time today.,This person is a stranger. I am meeting them for the 1st time today.,22.0,"[7.0, 10.0, 6.0, 7.0]","[9.0, 12.0, 12.0, 12.0]","['lost', 'lost', 'lost', 'lost']","['lost', 'lost', 'lost', 'lost']","[16.93121693121693, 21.67487684729064, 15.69767441860465, 18.932038834951456]","[20.0, 20.0, 20.0, 20.0]","[100.0, 100.0, 100.0, 100.0]","[90.0, 100.0, 100.0, 100.0]"
SBQRG,"['block_01', 'block_02', 'block_03']","[1, 1, 1]","[1, 1, 5]","[2, 2, 8]","[9, 2, 10]","[50, 85, 50]","[50, 81, 70]","[10, 13, 26]","['b8944796-41be-f0ad-8f57-35adbb4944c5', 'cd9f5b3e-459d-c4b2-e21f-3f9e38f88056', '9dad9043-4b16-3913-ef6c-b4b80700c54d']","[542.810332, 667.366717, 692.752768]","[146, 127, 126]","[5, 2, 3]","[0, 0, 4]","[46, 41, 39]","[16, 23, 22]","[2, 7, 2]","[44, 34, 37]","[0, 0, 0]",Male,White/Caucasian,,,88,1,24,Male,White/Caucasian,Undergraduate,Rarely,Every day,10 or more years,Almost every day,8-10 hours,2-5 hours,Moderately skilled,6,4,5,2,4,3,1, ,War Thunder,Sea of Thieves,Ready or Not, , , ,No,No,No, , ,2,1,3,3,3,This person is an acquaintance. I have spoken to this person before but do not know them well.,This person is an acquaintance. I have spoken to this person before but do not know them well.,This person is a friend. I know this person well and like them.,17.0,"[8.0, 12.0, 8.0]","[4.0, 7.0, 8.0]","['lost', 'win', 'lost']","['draw', 'draw', 'lost']","[31.506849315068493, 32.28346456692913, 30.952380952380953]","[14.0, 20.0, 20.0]","[71.0, 81.0, 88.0]","[80.0, 100.0, 81.0]"
SBTBT,"['block_01', 'block_02', 'block_03']","[3, 3, 3]","[14, 17, 18]","[14, 17, 18]","[14, 20, 18]","[100, 0, 100]","[11, 0, 0]","[5, 16, 15]","['b8944796-41be-f0ad-8f57-35adbb4944c5', 'cd9f5b3e-459d-c4b2-e21f-3f9e38f88056', '9dad9043-4b16-3913-ef6c-b4b80700c54d']","[785.916747, 1213.303485, 703.9478699]","[230, 212, 162]","[7, 2, 6]","[5, 1, 2]","[74, 66, 58]","[27, 30, 24]","[7, 7, 13]","[67, 59, 45]","[0, 0, 0]",Male,White/Caucasian,,,73,1,32,Male,White/Caucasian,Undergraduate,Every day,Every day,10 or more years,Almost every day,8-10 hours,2-5 hours,Moderately skilled,7,5,5,3,5,5,5,RTS/War Strategy,Escape from Tarkov,Cyberpunk2077,Baldurs Gate 3, , , ,No,No,Yes,0 - thought it was asking for KDR,0,1,2,4,4,2,This person is an acquaintance. I have spoken to this person before but do not know them well.,This person is a friend. I know this person well and like them.,This person is an acquaintance. I have spoken to this person before but do not know them well.,2.0,"[14.0, 14.0, 18.0]","[8.0, 15.0, 7.0]","['win', 'lost', 'win']","['draw', 'draw', 'win']","[32.17391304347826, 31.132075471698112, 35.80246913580247]","[18.0, 15.0, 19.0]","[92.0, 92.0, 93.0]","[91.0, 91.0, 92.0]"
SNMVN,"['block_01', 'block_02', 'block_03']","[2, 2, 2]","[2, 2, 2]","[2, 1, 2]","[2, 1, 2]","[100, 80, 85]","[100, 100, 85]","[0, 0, 0]","['fe7e9085-4408-f046-181c-7d8bba37b199', 'f6d2667c-495f-002e-285c-1a83782872c5', 'ea201d76-41c0-750b-896e-2e8dbb16594f']","[372.073125, 815.94908, 675.265182]","[218, 243, 161]","[17, 12, 15]","[2, 5, 3]","[74, 69, 57]","[29, 31, 25]","[0, 3, 5]","[74, 66, 52]","[0, 0, 0]",Male,Asian,,,100,1,23,Male,Asian,Graduate,Rarely,A few times per month,2-5 years,Once or twice a week,Less than 2 hours,2-5 hours,Not very skilled,5,3,2,5,3,2,1, ,Asphalt 8,Subway Surfers,Dr.Driving, , , ,No,No,No, , ,1,2,3,1,3,This person is a friend. I know this person well and like them.,This person is an acquaintance. I have spoken to this person before but do not know them well.,This person is an acquaintance. I have spoken to this person before but do not know them well.,18.0,"[20.0, 17.0, 17.0]","[4.0, 9.0, 7.0]","['win', 'win', 'win']","['win', 'win', 'win']","[33.94495412844037, 28.39506172839506, 35.40372670807454]","[14.0, 20.0, 15.0]","[81.0, 19.0, 91.0]","[100.0, 81.0, 100.0]"
SPKZR,"['block_01', 'block_02', 'block_03']","[4, 4, 4]","[5, 10, 7]","[5, 6, 8]","[10, 11, 11]","[10, 31, 53]","[100, 100, 100]","[0, 1, 0]","['fe7e9085-4408-f046-181c-7d8bba37b199', 'f6d2667c-495f-002e-285c-1a83782872c5', 'ea201d76-41c0-750b-896e-2e8dbb16594f']","[1479.336123, 2202.185695, 1674.683821]","[167, 149, 48]","[5, 11, 6]","[18, 22, 16]","[26, 35, 17]","[24, 35, 16]","[4, 20, 14]","[22, 15, 3]","[0, 0, 0]",Male,Asian,,,108,1,22,Male,Asian,Undergraduate,Never,Never,2-5 years,Less than once a month,Less than 2 hours,Less than 2 hours,Moderately skilled,5,3,4,5,2,2,4,arcade,Smash hit,Dr Driving,Need For Speed,0,0,0,No,No,No, , ,2,2,2,1,2,This person is a friend. I know this person well and like them.,This person is an acquaintance. I have spoken to this person before but do not know them well.,This person is an acquaintance. I have spoken to this person before but do not know them well.,3.0,"[6.0, 18.0, 12.0]","[23.0, 30.0, 23.0]","['lost', 'lost', 'lost']","['lost', 'lost', 'lost']","[15.568862275449103, 23.48993288590604, 35.41666666666667]","[17.0, 16.0, 14.0]","[93.0, 61.0, 83.0]","[81.0, 72.0, 92.0]"
SRKLP,"['block_01', 'block_02', 'block_03']","[1, 1, 1]","[7, 7, 10]","[2, 6, 6]","[7, 8, 12]","[100, 81, 70]","[100, 81, 100]","[0, 0, 0]","['fe7e9085-4408-f046-181c-7d8bba37b199', 'f6d2667c-495f-002e-285c-1a83782872c5', 'ea201d76-41c0-750b-896e-2e8dbb16594f']","[405.352268, 931.428408, 652.678069]","[169, 293, 243]","[12, 26, 13]","[4, 7, 3]","[59, 110, 78]","[23, 33, 29]","[8, 10, 4]","[51, 100, 74]","[0, 0, 0]",Male,Asian,,,87,1,23,Male,Asian,Undergraduate,Never,A few times per week,5-10 years,Less than once a month,Less than 2 hours,Less than 2 hours,Moderately skilled,5,4,3,5,4,2, , ,PUBG,bomb squad,8 ball pool, , , ,No,No,Yes,1,3,4,3,4,2,4,This person is a friend. I know this person well and like them.,This person is an acquaintance. I have spoken to this person before but do not know them well.,This person is an acquaintance. I have spoken to this person before but do not know them well.,18.0,"[19.0, 34.0, 19.0]","[5.0, 10.0, 6.0]","['win', 'win', 'win']","['win', 'win', 'win']","[34.9112426035503, 37.54266211604095, 32.098765432098766]","[20.0, 20.0, 20.0]","[100.0, 100.0, 100.0]","[100.0, 100.0, 85.0]"
STWXJ,"['block_01', 'block_02', 'block_03']","[3, 3, 3]","[8, 9, 11]","[6, 4, 12]","[8, 12, 8]","[9, 11, 2]","[81, 72, 92]","[0, 0, 0]","['fe7e9085-4408-f046-181c-7d8bba37b199', 'f6d2667c-495f-002e-285c-1a83782872c5', 'ea201d76-41c0-750b-896e-2e8dbb16594f']","[1069.588017, 1556.456996, 887.327789]","[69, 112, 25]","[1, 1, 0]","[11, 16, 12]","[5, 1, 1]","[15, 17, 12]","[3, 1, 1]","[2, 0, 0]","[0, 0, 0]",Female,Asian,,,100,3,21,Female,Asian,Undergraduate,Never,A few times per month,6 months,Never,Less than 2 hours,Less than 2 hours,No skill,1,1,2,2,2,1,1, ,I don't play games,No,No,No,-,-,No,No,No, , ,1,1,1,1,1,This person is a friend. I know this person well and like them.,This person is a stranger. I am meeting them for the 1st time today.,This person is a stranger. I am meeting them for the 1st time today.,3.0,"[3.0, 1.0, 0.0]","[16.0, 22.0, 13.0]","['lost', 'lost', 'lost']","['lost', 'lost', 'lost']","[7.246376811594203, 0.8928571428571428, 4.0]","[20.0, 20.0, 20.0]","[100.0, 100.0, 100.0]","[100.0, 100.0, 100.0]"
SVTZM,"['block_01', 'block_02', 'block_03']","[4, 4, 4]","[11, 15, 14]","[8, 15, 12]","[14, 17, 16]","[62, 82, 80]","[91, 91, 92]","[1, 0, 0]","['b8944796-41be-f0ad-8f57-35adbb4944c5', 'cd9f5b3e-459d-c4b2-e21f-3f9e38f88056', '9dad9043-4b16-3913-ef6c-b4b80700c54d']","[608.886705, 603.455428, 606.28476]","[10, 46, 46]","[0, 0, 0]","[2, 1, 1]","[3, 0, 3]","[7, 9, 8]","[3, 0, 0]","[0, 0, 3]","[0, 0, 0]",Female,Black/African-American,,,97,1,22,Female,Black/African-American,Undergraduate,Never,Every day,2-5 years,Less than once a month,Less than 2 hours,Less than 2 hours,Not very skilled,3,3,1,2,1,1,1, ,8 BALL POOL - MOBILE,BEAT SABER - VR,SUPERHOT - VR,NOT REAL HIGH RANKINGS, , ,No,Yes,No, , ,1,1,2,1,4,This person is a stranger. I am meeting them for the 1st time today.,This person is a stranger. I am meeting them for the 1st time today.,This person is a stranger. I am meeting them for the 1st time today.,2.0,"[1.0, 0.0, 0.0]","[5.0, 9.0, 8.0]","['win', 'lost', 'win']","['draw', 'draw', 'win']","[30.0, 0.0, 6.521739130434782]","[5.0, 1.0, 1.0]","[10.0, 0.0, 0.0]","[11.0, 0.0, 0.0]"
SXVBN,"['block_01', 'block_02', 'block_03']","[2, 2, 2]","[9, 13, 15]","[8, 11, 15]","[11, 10, 13]","[39, 100, 70]","[80, 100, 81]","[0, 0, 5]","['b8944796-41be-f0ad-8f57-35adbb4944c5', 'cd9f5b3e-459d-c4b2-e21f-3f9e38f88056', '9dad9043-4b16-3913-ef6c-b4b80700c54d']","[1177.40918, 758.2084117, 846.951709]","[71, 105, 85]","[2, 0, 0]","[7, 2, 2]","[20, 38, 24]","[15, 20, 14]","[6, 4, 6]","[14, 34, 18]","[0, 0, 0]",Male,Black/African-American,,,82,1,23,Male,Black/African-American,Graduate,Never,Rarely,2-5 years,Less than once a month,Less than 2 hours,Less than 2 hours,Not very skilled,3,3,2,5,3,1,1, ,MarioKart,Flappy Golf 1,Connect 4, , , ,No,No,No, , ,2,1,1,1,2,This person is an acquaintance. I have spoken to this person before but do not know them well.,This person is an acquaintance. I have spoken to this person before but do not know them well.,This person is an acquaintance. I have spoken to this person before but do not know them well.,17.0,"[5.0, 12.0, 7.0]","[11.0, 9.0, 10.0]","['lost', 'win', 'lost']","['draw', 'draw', 'lost']","[28.169014084507044, 36.19047619047619, 28.235294117647058]","[12.0, 15.0, 14.0]","[50.0, 80.0, 85.0]","[50.0, 81.0, 70.0]"
TYDF,"['block_01', 'block_02', 'block_03', 'block_04']","[4, 4, 4, 4]","[7, 6, 4, 4]","[5, 5, 3, 4]","[9, 5, 2, 4]","[82, 75, 80, 83]","[90, 100, 100, 100]","[35, 55, 43, 24]","['d682ff1b-4c8a-9dae-d9d5-4582be12e778', 'a8c25021-42f3-e12a-9934-d48ca28b88aa', '4ca89552-4100-084d-279e-7db3ac4df894', 'f74ac41e-4abb-2c24-95ba-f6bd7a3aa0c5']","[428.252815, 768.931814, 650.440988, 544.515313]","[230, 318, 211, 135]","[8, 12, 10, 8]","[4, 8, 4, 3]","[39, 52, 42, 31]","[25, 28, 27, 23]","[9, 1, 6, 9]","[30, 51, 36, 22]","[0, 0, 0, 0]",Male,Black/African-American,33.0,29.0,88,2,20,Male,Black/African-American,GED,Never,A few times per month,10 or more years,1-3 times a month,Less than 2 hours,8-10 hours,Not very skilled,6,4,3,2,4,3,4,Fighting Games,Super Smash brothers ultimate,Minecraft,Roblox,5th UMBC SMASH RUMBLE, , ,No,No,No, , ,2,1,1,1,4,This person is a stranger. I am meeting them for the 1st time today.,This person is an acquaintance. I have spoken to this person before but do not know them well.,This person is a stranger. I am meeting them for the 1st time today.,7.0,"[9.0, 13.0, 11.0, 12.0]","[7.0, 10.0, 8.0, 7.0]","['win', 'win', 'win', 'win']","['win', 'win', 'win', 'win']","[16.956521739130434, 16.352201257861633, 19.90521327014218, 22.962962962962962]","[16.0, 14.0, 15.0, 15.0]","[90.0, 80.0, 75.0, 81.0]","[75.0, 82.0, 80.0, 81.0]"
TYZX,"['block_01', 'block_02', 'block_03', 'block_04']","[2, 2, 2, 2]","[4, 15, 15, 16]","[8, 14, 15, 14]","[11, 18, 16, 17]","[62, 17, 31, 19]","[93, 90, 91, 93]","[0, 1, 1, 1]","['6c8bd420-4c9d-706d-8454-94b39efeea8c', 'd108dce9-483b-883f-c89d-ccb85c4b4452', 'b6fe0b45-4b33-78f5-6ba6-31bd4383eb57', 'f916980f-4c87-8c5d-4e73-9e8eb6e76bc1']","[316.593375, 755.379669, 848.80421, 687.76772]","[25, 46, 43, 57]","[1, 1, 2, 1]","[4, 10, 11, 10]","[4, 4, 4, 4]","[12, 11, 9, 9]","[2, 1, 4, 1]","[2, 3, 0, 3]","[0, 0, 0, 0]",Female,Asian,64.0,23.0,94,1,25,Female,Asian,Undergraduate,Never,A few times per month,2-5 years,Less than once a month,Less than 2 hours,2-5 hours,Moderately skilled,4,2, ,4,4,5, , ,Last Survivor, , , , , ,No,No,No, , ,3,2,2,3,4,This person is a stranger. I am meeting them for the 1st time today.,This person is a friend. I know this person well and like them.,This person is a stranger. I am meeting them for the 1st time today.,27.0,"[1.0, 1.0, 2.0, nan]","[4.0, 10.0, 11.0, nan]","['lost', 'lost', 'lost', nan]","['lost', 'lost', 'lost', 'draw']","[16.0, 8.695652173913043, 9.30232558139535, 7.017543859649122]","[10.0, 4.0, 1.0, 4.0]","[50.0, 10.0, 19.0, 21.0]","[25.0, 15.0, 10.0, 20.0]"
UYGH,"['block_01', 'block_02', 'block_03', 'block_04']","[1, 1, 1, 1]","[10, 13, 12, 12]","[4, 12, 12, 10]","[8, 15, 15, 14]","[100, 80, 71, 85]","[98, 100, 100, 100]","[6, 23, 13, 12]","['6a0b7489-4997-a37e-d69c-38ab276c14cd', '95b311f5-4446-507a-907e-07b9160fc694', '15f350b5-46bc-916a-4e48-529cd8813848', '01c80c4d-46c8-45f5-d583-0281844f2f5d']","[642.810326, 978.997934, 1305.169728, 1189.631137]","[103, 91, 108, 120]","[10, 7, 4, 4]","[3, 8, 7, 11]","[37, 28, 30, 28]","[24, 23, 24, 29]","[14, 13, 11, 7]","[23, 15, 19, 21]","[0, 0, 0, 0]",Male,Hispanic/Latino,34.0,34.0,84,1,18,Male,Hispanic/Latino,GED,Never,Rarely,10 or more years,Almost every day,10-15 hours,2-5 hours,Moderately skilled,6,4,2,1,1,2,4,Action-RPG,Fortnite,Valorant,League of Legends,Valorant - Bronze II,Fortnite Zero Builds Solo - Gold III, ,No,No,No, , ,2,1,4,1,2,This person is a stranger. I am meeting them for the 1st time today.,This person is a stranger. I am meeting them for the 1st time today.,This person is a stranger. I am meeting them for the 1st time today.,24.0,"[13.0, 11.0, 6.0, 8.0]","[6.0, 12.0, 14.0, 15.0]","['win', 'win', 'win', 'win']","['win', 'win', 'win', 'lost']","[35.92233009708738, 30.76923076923077, 27.77777777777778, 23.333333333333332]","[15.0, 18.0, 18.0, 19.0]","[80.0, 100.0, 100.0, 100.0]","[100.0, 100.0, 100.0, 100.0]"
VBNM,"['block_01', 'block_02', 'block_03', 'block_04']","[1, 1, 1, 1]","[3, 2, 1, 3]","[3, 2, 1, 3]","[6, 2, 2, 4]","[95, 95, 95, 93]","[95, 94, 95, 96]","[6, 5, 11, 4]","['85a5023a-4976-0721-23b2-028c85a483dd', '32143347-4542-7282-6c5b-b7b56e6a33c5', 'dd256e2a-4e9a-fe7f-54b8-66bfb1d5fa7e', '0f012d24-4034-4c67-7810-53878af71db6']","[305.181516, 368.848155, 437.938624, 535.165135]","[124, 152, 220, 135]","[6, 4, 13, 2]","[2, 1, 0, 2]","[38, 44, 88, 44]","[22, 28, 31, 20]","[1, 10, 5, 3]","[37, 34, 83, 41]","[0, 0, 0, 0]",Male,White/Caucasian,34.0,38.0,99,1,19,Male,White/Caucasian,Undergraduate,Never,Rarely,10 or more years,Once or twice a week,2-5 hours,Less than 2 hours,Moderately skilled,6,4,2,5,4,4, , ,Fortnite,CyberPunk,Valorant, , , ,No,No,No, , ,1,2,4,2,3,This person is a stranger. I am meeting them for the 1st time today.,This person is a stranger. I am meeting them for the 1st time today.,This person is a stranger. I am meeting them for the 1st time today.,23.0,"[8.0, 14.0, 26.0, 14.0]","[2.0, 4.0, 1.0, 5.0]","['win', 'win', 'win', 'win']","['win', 'win', 'win', 'win']","[30.64516129032258, 28.947368421052634, 40.0, 32.592592592592595]","[17.0, 16.0, 20.0, 20.0]","[70.0, 80.0, 100.0, 100.0]","[73.0, 78.0, 100.0, 100.0]"
VNPL,"['block_01', 'block_02', 'block_03', 'block_04']","[1, 1, 1, 1]","[1, 2, 2, 2]","[2, 2, 2, 2]","[2, 2, 3, 2]","[81, 82, 100, 60]","[100, 100, 100, 100]","[15, 11, 16, 33]","['ab54cf6b-4602-187d-4dbf-308f2571bdbb', '69d133a0-4a25-7ea2-81fb-2883be8d8185', '3ff660ba-4d88-cf89-379c-6fa45712769a', '87069e81-4953-3251-444b-88a144ec20b5']","[543.707094, 386.3554105, 443.33307, 1172.145236]","[148, 185, 157, 127]","[7, 3, 1, 5]","[6, 2, 0, 10]","[33, 41, 45, 37]","[22, 31, 21, 24]","[0, 2, 3, 2]","[33, 39, 42, 35]","[0, 0, 0, 0]",Male,Asian,42.0,41.0,89,2,26,Male,Asian,Graduate,Rarely,Every day,2-5 years,Once or twice a week,8-10 hours,2-5 hours,Moderately skilled,5,4,3,1,5,3,1, ,Valorant,Dota 2,-,Platinum 2 - Valorant,Ancient - Dota 2, ,Yes,Yes,No, , ,2,4,3,1,1,This person is a stranger. I am meeting them for the 1st time today.,This person is a stranger. I am meeting them for the 1st time today.,This person is a stranger. I am meeting them for the 1st time today.,20.0,"[7.0, 11.0, 11.0, 8.0]","[7.0, 5.0, 5.0, 14.0]","['win', 'win', 'win', 'win']","['win', 'win', 'win', 'win']","[22.2972972972973, 22.162162162162165, 28.662420382165603, 29.133858267716533]","[15.0, 20.0, 20.0, 20.0]","[100.0, 100.0, 100.0, 100.0]","[91.0, 100.0, 100.0, 100.0]"
WERT,"['block_01', 'block_02', 'block_03', 'block_04']","[1, 1, 1, 1]","[7, 11, 7, 10]","[9, 12, 8, 14]","[15, 17, 10, 12]","[14, 0, 21, 19]","[74, 83, 78, 78]","[1, 0, 1, 2]","['c5bb93cd-4cce-11d8-6d58-2e9e469acb71', '719e2eb0-4197-b167-41f9-8db24f75b605', 'f85b8323-4ca7-ee3c-bb78-94b36cadb805', '0538e108-4c09-5ff7-ab2b-959e4a36ad6b']","[783.060448, 1069.354951, 756.245847, 893.088124]","[141, 148, 179, 120]","[0, 1, 1, 0]","[0, 5, 2, 1]","[30, 25, 26, 17]","[16, 20, 23, 19]","[0, 2, 1, 2]","[30, 23, 25, 15]","[0, 0, 0, 0]",Female,White/Caucasian,49.0,55.0,68,3,20,Female,White/Caucasian,Undergraduate,Rarely,Rarely,2-5 years,Once or twice a week,2-5 hours,2-5 hours,Not very skilled,3,3,1,4,2,5,4,Rhythm Games,Counter Strike 2,Grand Theft Auto 5,Guild Wars 2,Bronze 3, , ,No,No,No, , ,2,1,4,2,2,This person is a stranger. I am meeting them for the 1st time today.,This person is a stranger. I am meeting them for the 1st time today.,This person is a stranger. I am meeting them for the 1st time today.,21.0,"[6.0, 3.0, 4.0, 1.0]","[11.0, 16.0, 8.0, 12.0]","['win', 'lost', 'win', 'lost']","['lost', 'lost', 'win', 'lost']","[21.27659574468085, 16.89189189189189, 14.52513966480447, 14.166666666666666]","[11.0, 5.0, 7.0, 10.0]","[54.0, 30.0, 41.0, 39.0]","[52.0, 30.0, 54.0, 37.0]"
XCVH,"['block_01', 'block_02', 'block_03', 'block_04']","[1, 1, 1, 1]","[11, 13, 12, 13]","[13, 11, 13, 11]","[14, 15, 14, 12]","[80, 50, 73, 70]","[83, 87, 87, 83]","[3, 7, 5, 5]","['1263e8ef-4b1f-9a88-a07b-85971cac44ab', '6ee85647-4297-186c-24fa-c4970441459c', 'b8103d26-48b2-edb7-9cf6-febff2e0b27b', '7dcb719f-46a8-2478-bac5-4da70d64241f']","[408.148347, 498.160992, 488.310295, 383.15431]","[65, 93, 79, 47]","[9, 9, 10, 8]","[5, 7, 4, 3]","[33, 32, 35, 23]","[16, 19, 19, 15]","[0, 5, 2, 3]","[33, 27, 33, 20]","[0, 0, 0, 0]",Male,Asian,55.0,28.0,80,2,28,Male,Asian,Graduate,Never,Every day,5-10 years,Almost every day,2-5 hours,Less than 2 hours,Moderately skilled,4,2,2,4,4,2,5,Sports based games like Fifa or Rocket League,Rocket League,GTA,Web based games,Rocket League Diamond 1, , ,No,No,Yes,1000+,0,4,3,3,1,1,This person is a stranger. I am meeting them for the 1st time today.,This person is a stranger. I am meeting them for the 1st time today.,This person is a stranger. I am meeting them for the 1st time today.,29.0,"[9.0, 9.0, 10.0, 8.0]","[5.0, 7.0, 4.0, 3.0]","['win', 'win', 'win', 'win']","['win', 'win', 'win', 'win']","[50.76923076923077, 34.40860215053764, 44.303797468354425, 48.93617021276596]","[11.0, 13.0, 14.0, 14.0]","[66.0, 75.0, 72.0, 76.0]","[70.0, 66.0, 73.0, 76.0]"
XUYP,"['block_01', 'block_02', 'block_03', 'block_04']","[3, 3, 3, 3]","[9, 14, 12, 18]","[14, 18, 17, 17]","[12, 18, 16, 15]","[65, 20, 26, 45]","[100, 98, 100, 100]","[0, 0, 0, 0]","['6c8bd420-4c9d-706d-8454-94b39efeea8c', 'd108dce9-483b-883f-c89d-ccb85c4b4452', 'b6fe0b45-4b33-78f5-6ba6-31bd4383eb57', 'f916980f-4c87-8c5d-4e73-9e8eb6e76bc1']","[210.66205, 441.56894, 535.287536, 804.004861]","[17, 57, 59, 109]","[0, 1, 1, 0]","[2, 6, 7, 11]","[0, 4, 3, 4]","[6, 10, 11, 11]","[0, 0, 1, 1]","[0, 4, 2, 3]","[0, 0, 0, 0]",Female,Asian,47.0,34.0,97,3,25,Female,Asian,Graduate,Never,Rarely,5-10 years,1-3 times a month,2-5 hours,2-5 hours,Moderately skilled,4,3,2,5,5,3, , ,Online Catan,Counter Strike,Age of Empires , , , ,No,No,No, , ,2,3,3,1,3,This person is a stranger. I am meeting them for the 1st time today.,This person is a stranger. I am meeting them for the 1st time today.,This person is a friend. I know this person well and like them.,12.0,"[0.0, 1.0, 1.0, nan]","[2.0, 6.0, 7.0, nan]","['win', 'win', 'win', nan]","['win', 'win', 'win', 'draw']","[0.0, 7.017543859649122, 5.084745762711865, 3.669724770642202]","[15.0, 19.0, 20.0, 17.0]","[63.0, 77.0, 99.0, 82.0]","[75.0, 91.0, 91.0, 89.0]"
XZPT,"['block_01', 'block_02', 'block_03', 'block_04']","[4, 4, 4, 4]","[12, 15, 15, 16]","[9, 14, 14, 15]","[15, 18, 19, 16]","[66, 1, 37, 65]","[45, 50, 34, 51]","[6, 29, 11, 18]","['ab54cf6b-4602-187d-4dbf-308f2571bdbb', '69d133a0-4a25-7ea2-81fb-2883be8d8185', '3ff660ba-4d88-cf89-379c-6fa45712769a', '87069e81-4953-3251-444b-88a144ec20b5']","[720.0, 1187.023326, 1084.30184, 1268.187388]","[189, 187, 226, 266]","[8, 1, 0, 11]","[9, 6, 5, 11]","[44, 19, 42, 76]","[22, 25, 29, 29]","[1, 4, 5, 8]","[43, 15, 37, 68]","[0, 0, 0, 0]",Male,Black/African-American,21.0,20.0,93,1,19,Male,Black/African-American,GED,Never,Rarely,10 or more years,Once or twice a week,2-5 hours,Less than 2 hours,Moderately skilled,7,3,3,3,5,4,5,fighting,super smash bros. ultimate,WMMA5 ,Toribash,Champ 1 (Rocket League),Bronze (Rainbow Six Seige),Blue Belt (Toribash),No,Yes,Yes,8,12,4,3,3,2,2,This person is a stranger. I am meeting them for the 1st time today.,This person is a stranger. I am meeting them for the 1st time today.,This person is a stranger. I am meeting them for the 1st time today.,5.0,"[9.0, 4.0, 8.0, 17.0]","[10.0, 17.0, 15.0, 16.0]","['lost', 'lost', 'lost', 'lost']","['lost', 'lost', 'lost', 'lost']","[23.28042328042328, 10.16042780748663, 18.58407079646018, 28.57142857142857]","[13.0, 13.0, 14.0, 14.0]","[62.0, 62.0, 62.0, 61.0]","[63.0, 51.0, 61.0, 61.0]"
ZRTY,"['block_01', 'block_02', 'block_03', 'block_04']","[2, 2, 2, 2]","[10, 11, 11, 11]","[9, 11, 10, 10]","[9, 11, 10, 10]","[100, 100, 100, 100]","[100, 100, 100, 100]","[0, 0, 0, 5]","['6a0b7489-4997-a37e-d69c-38ab276c14cd', '95b311f5-4446-507a-907e-07b9160fc694', '15f350b5-46bc-916a-4e48-529cd8813848', '01c80c4d-46c8-45f5-d583-0281844f2f5d']","[467.663204, 710.258485, 755.5513656, 890.5250498]","[265, 306, 217, 244]","[12, 10, 12, 12]","[2, 4, 2, 6]","[62, 62, 64, 73]","[26, 28, 29, 29]","[10, 3, 14, 8]","[52, 59, 50, 65]","[0, 0, 0, 0]",Male,Asian,21.0,20.0,87,1,25,Male,Asian,Undergraduate,Never,A few times per week,10 or more years,Almost every day,More than 20 hours,2-5 hours,Moderately skilled,6,5,5,4,5,5,5,Action-RPG,Action RPG,JRPG,Third/First-Person shooter, , , ,Yes,Yes,Yes, ,10+,2,3,4,4,4,This person is a stranger. I am meeting them for the 1st time today.,This person is a stranger. I am meeting them for the 1st time today.,This person is a stranger. I am meeting them for the 1st time today.,24.0,"[19.0, 12.0, 21.0, 21.0]","[4.0, 7.0, 7.0, 10.0]","['win', 'win', 'win', 'win']","['win', 'win', 'win', 'lost']","[23.39622641509434, 20.26143790849673, 29.493087557603687, 29.918032786885245]","[16.0, 20.0, 20.0, 20.0]","[95.0, 100.0, 100.0, 100.0]","[98.0, 100.0, 100.0, 100.0]"
ZXCV,"['block_01', 'block_02', 'block_03', 'block_04']","[4, 2, 4, 4]","[4, 6, 11, 12]","[4, 6, 13, 10]","[7, 12, 13, 11]","[34, 66, 33, 79]","[50, 66, 50, 70]","[3, 1, 1, 1]","['c5bb93cd-4cce-11d8-6d58-2e9e469acb71', '719e2eb0-4197-b167-41f9-8db24f75b605', 'f85b8323-4ca7-ee3c-bb78-94b36cadb805', '0538e108-4c09-5ff7-ab2b-959e4a36ad6b']","[811.419734, 1235.726949, 1027.334252, 774.068455]","[165, 123, 97, 183]","[1, 2, 2, 3]","[1, 3, 4, 0]","[38, 26, 28, 59]","[23, 21, 26, 24]","[6, 6, 6, 7]","[32, 20, 22, 52]","[0, 0, 0, 0]",Male,Black/African-American,48.0,51.0,84,2,19,Male,Black/African-American,GED,Rarely,A few times per month,5-10 years,Once or twice a week,2-5 hours,2-5 hours,Moderately skilled,5,5,3,4,3,2,4,Sports,Rocket league,Fortnite,Halo infinite,Platinum 2 ,Silver 1, ,No,No,Yes,6,0,3,1,4,1,2,This person is a stranger. I am meeting them for the 1st time today.,This person is a stranger. I am meeting them for the 1st time today.,This person is a stranger. I am meeting them for the 1st time today.,6.0,"[9.0, 8.0, 8.0, 12.0]","[13.0, 15.0, 16.0, 11.0]","['lost', 'win', 'lost', 'win']","['win', 'win', 'lost', 'win']","[23.03030303030303, 21.138211382113823, 28.865979381443296, 32.240437158469945]","[15.0, 15.0, 8.0, 16.0]","[72.0, 75.0, 45.0, 73.0]","[70.0, 72.0, 46.0, 70.0]"
ZXWE,"['block_01', 'block_02', 'block_03', 'block_04']","[4, 4, 4, 4]","[10, 5, 9, 6]","[5, 5, 11, 4]","[7, 4, 9, 10]","[79, 89, 88, 93]","[75, 91, 91, 89]","[3, 7, 9, 28]","['6c8bd420-4c9d-706d-8454-94b39efeea8c', 'd108dce9-483b-883f-c89d-ccb85c4b4452', 'b6fe0b45-4b33-78f5-6ba6-31bd4383eb57', 'f916980f-4c87-8c5d-4e73-9e8eb6e76bc1']","[468.105682, 571.0009, 559.459745, 712.908842]","[73, 178, 108, 162]","[8, 20, 16, 18]","[4, 5, 6, 7]","[34, 79, 46, 69]","[14, 26, 21, 28]","[4, 10, 9, 7]","[30, 69, 37, 62]","[0, 0, 0, 0]",Male,Asian,63.0,29.0,119,1,19,Male,Asian,GED,Never,Rarely,5-10 years,Almost every day,2-5 hours,Less than 2 hours,Not very skilled,5,4,1,3,4,1,2,Fighting Games,Valorant,Counter-Stike 2,Fortnite,Diamond ,DMG,Elite,No,No,No, , ,2,2,4,1,2,This person is a stranger. I am meeting them for the 1st time today.,This person is a stranger. I am meeting them for the 1st time today.,This person is a stranger. I am meeting them for the 1st time today.,12.0,"[8.0, 20.0, 16.0, nan]","[5.0, 5.0, 6.0, nan]","['win', 'win', 'win', nan]","['win', 'win', 'win', 'draw']","[46.57534246575342, 44.38202247191011, 42.592592592592595, 42.592592592592595]","[19.0, 20.0, 20.0, 20.0]","[94.0, 100.0, 100.0, 100.0]","[100.0, 98.0, 100.0, 100.0]"
ZYXW,"['block_01', 'block_02', 'block_03', 'block_04']","[4, 4, 4, 4]","[15, 8, 12, 13]","[14, 19, 10, 13]","[15, 6, 13, 15]","[36, 20, 15, 60]","[60, 32, 23, 38]","[7, 13, 8, 9]","['9d7674db-4299-49f2-09ce-408ffebe1332', 'ff9c203a-415a-f596-d37a-289a55618e1a', 'da70cd6f-44d0-f518-f635-5fa866148670', 'f8e91c5d-40a0-bbcd-4b3f-869dc7f8073a']","[856.348993, 1200.748723, 1003.597517, 999.607146]","[96, 64, 97, 133]","[5, 2, 4, 9]","[10, 8, 4, 10]","[32, 18, 27, 50]","[21, 25, 27, 26]","[10, 12, 8, 7]","[22, 6, 19, 43]","[0, 0, 0, 0]",Male,White/Caucasian,,,94,1,21,Male,White/Caucasian,Undergraduate,Never,Never,5-10 years,Almost every day,10-15 hours,2-5 hours,Moderately skilled,5,4,5,3,4,1,5,sports,Rocket League,League of Legends,Valorant,top 500 (rocket league 1v1),Silver,Silver,Yes,Yes,Yes,23,5,2,1,3,1,2,This person is an acquaintance. I have spoken to this person before but do not know them well.,This person is a friend. I know this person well and like them.,This person is a stranger. I am meeting them for the 1st time today.,4.0,"[nan, nan, nan, nan]","[nan, nan, nan, nan]","[nan, nan, nan, nan]","['lost', 'lost', 'lost', 'lost']","[33.33333333333333, 28.125, 27.835051546391753, 37.59398496240601]","[10.0, 4.0, 10.0, 12.0]","[53.0, 39.0, 68.0, 69.0]","[50.0, 32.0, 54.0, 89.0]"
